[{"code":"0","name":"Steak","category":"Protein","stock":0,"price":9.5,"description":"hey","image":"./steak.jpg"},{"code":"1","name":"Chicken","category":"Protein","stock":0,"price":3.11,"description":"hey","image":"./chicken.jpg"},{"code":"2","name":"Apples","category":"FandV","stock":0,"price":1.21,"description":"hey","image":"https://th.bing.com/th/id/R.1368d385f514179c3ae2cf7eef8c12e6?rik=doa3DlwaE7A5hA&riu=http%3a%2f%2fwww.cherylcope.com%2fwp-content%2fuploads%2f2012%2f09%2fDelicious-Apples.jpg&ehk=v6HB2081MskdHW5v6wfzx%2bFEeqqGmKGVdChS9%2bnqmeQ%3d&risl=&pid=ImgRaw&r=0"},{"code":"3","name":"Broccoli","category":"FandV","stock":0,"price":0.73,"description":"hey","image":"./broccoli.jpg"},{"code":"4","name":"Tomatoes","category":"FandV","stock":0,"price":1.21,"description":"hey","image":"https://img.freepik.com/free-photo/fresh-wet-tomatoes_144627-18471.jpg?t=st=1645019764~exp=1645020364~hmac=eb7290cb5aed8e2d7745df03350e01584a594a95adae5db9d8c2503c10804ac9&w=1060"},{"code":"5","name":"Cheese","category":"Dairy","stock":0,"price":1,"description":"hey","image":"./cheese.jpg"},{"code":"6","name":"Ice Cream","category":"Dairy","stock":0,"price":2.98,"description":"hey","image":"https://static01.nyt.com/images/2020/06/07/multimedia/07virus-ice-cream2/07virus-ice-cream2-superJumbo.jpg?quality=75&auto=webp"},{"code":"7","name":"Milk","category":"Dairy","stock":0,"price":5.69,"description":"hey","image":"https://www.healthcastle.com/wp-content/uploads/2016/11/natrel-trio-milk2-768x503.jpg"},{"code":"8","name":"Yogurt","category":"Dairy","stock":0,"price":3.18,"description":"hey","image":"./yogurt.jpg"},{"code":"9","name":"Eggs","category":"Protein","stock":0,"price":10,"description":"hey","image":"https://www.simplyrecipes.com/thmb/35jQjKw_vCVZFfpiawO3P27Xkq4=/736x0/filters:no_upscale():max_bytes(150000):strip_icc():format(webp)/__opt__aboutcom__coeus__resources__content_migration__simply_recipes__uploads__2014__07__hard-boiled-eggs-horiz-800-429f7e9948b84a6d84237e228f9d54f2.jpg"},{"code":"10","name":"Protein Powder","category":"Protein","stock":0,"price":10,"description":"hey","image":"./proteinpowder.jpg"},{"code":"11","name":"Salmon","category":"Protein","stock":0,"price":9.15,"description":"hey","image":"./salmon.jpg"},{"code":"12","name":"Turkey","category":"Protein","stock":0,"price":3.2,"description":"hey","image":"https://cdn.apartmenttherapy.info/image/upload/f_jpg,q_auto:eco,c_fill,g_auto,w_1500,ar_4:3/k%2Farchive%2Fcab79c52e3965d95b574de4f61d5958c85b61304"},{"code":"13","name":"Grapes","category":"FandV","stock":0,"price":9,"description":"hey","image":"https://www.eatthis.com/wp-content/uploads/sites/4/2019/09/green-grapes-bunch.jpg?fit=1200%2C879&ssl=1"},{"code":"14","name":"Oranges","category":"FandV","stock":0,"price":10,"description":"hey","image":"https://www.eatthis.com/wp-content/uploads/sites/4/2021/07/whole-halved-oranges.jpg"},{"code":"15","name":"Sweet Pepper","category":"FandV","stock":0,"price":0.5,"description":"hey","image":"https://www.naturefresh.ca/wp-content/uploads/types-of-bell-peppers-guide-hero-image.jpg"},{"code":"16","name":"Butter","category":"Dairy","stock":0,"price":15.2,"description":"hey","image":"./butter.jpg"},{"code":"17","name":"Oat Crackers","category":"Dairy","stock":4,"price":3.25,"description":"hey","image":"https://mykidslickthebowl.com/wp-content/uploads/2017/05/chickpea-oat-crackers-sq-1-720x540.jpg"}]